Order ID,Ticket ID,Event,Web Link,Wallet Link
625617615,b8b52bcc-c08f-4745-93f7-1280f5ff9014,"Live Between The Hedges",https://secured-ticket-access.com/?ord=625617615&id=b8b52bcc-c08f-4745-93f7-1280f5ff9014,https://secured-ticket-access.com/passes/ticket-b8b52bcc-c08f-4745-93f7-1280f5ff9014.pkpass
625617615,b8b52bcc-c08f-4745-93f7-1280f5ff9015,"Live Between The Hedges",https://secured-ticket-access.com/?ord=625617615&id=b8b52bcc-c08f-4745-93f7-1280f5ff9015,https://secured-ticket-access.com/passes/ticket-b8b52bcc-c08f-4745-93f7-1280f5ff9015.pkpass
625617615,b8b52bcc-c08f-4745-93f7-1280f5ff9016,"Live Between The Hedges",https://secured-ticket-access.com/?ord=625617615&id=b8b52bcc-c08f-4745-93f7-1280f5ff9016,https://secured-ticket-access.com/passes/ticket-b8b52bcc-c08f-4745-93f7-1280f5ff9016.pkpass
625617615,b8b52bcc-c08f-4745-93f7-1280f5ff9017,"Live Between The Hedges",https://secured-ticket-access.com/?ord=625617615&id=b8b52bcc-c08f-4745-93f7-1280f5ff9017,https://secured-ticket-access.com/passes/ticket-b8b52bcc-c08f-4745-93f7-1280f5ff9017.pkpass
ED9ALCWX78,7cf308cd-5226-4c9b-84c7-7d844778519a11,"Live Between The Hedges",https://secured-ticket-access.com/?ord=ED9ALCWX78&id=7cf308cd-5226-4c9b-84c7-7d844778519a11,https://secured-ticket-access.com/passes/ticket-7cf308cd-5226-4c9b-84c7-7d844778519a11.pkpass
ED9ALCWX78,7cf308cd-5226-4c9b-84c7-7d844778519a12,"Live Between The Hedges",https://secured-ticket-access.com/?ord=ED9ALCWX78&id=7cf308cd-5226-4c9b-84c7-7d844778519a12,https://secured-ticket-access.com/passes/ticket-7cf308cd-5226-4c9b-84c7-7d844778519a12.pkpass
2k60tdyoxpq,d38b78a8-7177-4d41-a30f-9375d869a1d18,"Live Between The Hedges",https://secured-ticket-access.com/?ord=2k60tdyoxpq&id=d38b78a8-7177-4d41-a30f-9375d869a1d18,https://secured-ticket-access.com/passes/ticket-d38b78a8-7177-4d41-a30f-9375d869a1d18.pkpass
2k60tdyoxpq,d38b78a8-7177-4d41-a30f-9375d869a1d19,"Live Between The Hedges",https://secured-ticket-access.com/?ord=2k60tdyoxpq&id=d38b78a8-7177-4d41-a30f-9375d869a1d19,https://secured-ticket-access.com/passes/ticket-d38b78a8-7177-4d41-a30f-9375d869a1d19.pkpass
36nxa8ov3p6,acb4b0ab-6aa2-4d27-859a-d840ec5093122,"Live Between The Hedges",https://secured-ticket-access.com/?ord=36nxa8ov3p6&id=acb4b0ab-6aa2-4d27-859a-d840ec5093122,https://secured-ticket-access.com/passes/ticket-acb4b0ab-6aa2-4d27-859a-d840ec5093122.pkpass
36nxa8ov3p6,acb4b0ab-6aa2-4d27-859a-d840ec5093123,"Live Between The Hedges",https://secured-ticket-access.com/?ord=36nxa8ov3p6&id=acb4b0ab-6aa2-4d27-859a-d840ec5093123,https://secured-ticket-access.com/passes/ticket-acb4b0ab-6aa2-4d27-859a-d840ec5093123.pkpass
36nxa8ov3p6,acb4b0ab-6aa2-4d27-859a-d840ec5093124,"Live Between The Hedges",https://secured-ticket-access.com/?ord=36nxa8ov3p6&id=acb4b0ab-6aa2-4d27-859a-d840ec5093124,https://secured-ticket-access.com/passes/ticket-acb4b0ab-6aa2-4d27-859a-d840ec5093124.pkpass
36nxa8ov3p6,acb4b0ab-6aa2-4d27-859a-d840ec5093125,"Live Between The Hedges",https://secured-ticket-access.com/?ord=36nxa8ov3p6&id=acb4b0ab-6aa2-4d27-859a-d840ec5093125,https://secured-ticket-access.com/passes/ticket-acb4b0ab-6aa2-4d27-859a-d840ec5093125.pkpass
36nxa8ov3p6,acb4b0ab-6aa2-4d27-859a-d840ec5093126,"Live Between The Hedges",https://secured-ticket-access.com/?ord=36nxa8ov3p6&id=acb4b0ab-6aa2-4d27-859a-d840ec5093126,https://secured-ticket-access.com/passes/ticket-acb4b0ab-6aa2-4d27-859a-d840ec5093126.pkpass
76027825,fe4af826-7ebd-40f2-8237-70b84f62d7ed5,"Live Between The Hedges",https://secured-ticket-access.com/?ord=76027825&id=fe4af826-7ebd-40f2-8237-70b84f62d7ed5,https://secured-ticket-access.com/passes/ticket-fe4af826-7ebd-40f2-8237-70b84f62d7ed5.pkpass
76027825,fe4af826-7ebd-40f2-8237-70b84f62d7ed6,"Live Between The Hedges",https://secured-ticket-access.com/?ord=76027825&id=fe4af826-7ebd-40f2-8237-70b84f62d7ed6,https://secured-ticket-access.com/passes/ticket-fe4af826-7ebd-40f2-8237-70b84f62d7ed6.pkpass
2308431,J21,"Live Between The Hedges",https://secured-ticket-access.com/?ord=2308431&id=J21,https://secured-ticket-access.com/passes/ticket-J21.pkpass
2308431,J22,"Live Between The Hedges",https://secured-ticket-access.com/?ord=2308431&id=J22,https://secured-ticket-access.com/passes/ticket-J22.pkpass
2308431,J23,"Live Between The Hedges",https://secured-ticket-access.com/?ord=2308431&id=J23,https://secured-ticket-access.com/passes/ticket-J23.pkpass
2308431,J24,"Live Between The Hedges",https://secured-ticket-access.com/?ord=2308431&id=J24,https://secured-ticket-access.com/passes/ticket-J24.pkpass
ORD-S1ZKLDSSZ0,S13,"Live Between The Hedges",https://secured-ticket-access.com/?ord=ORD-S1ZKLDSSZ0&id=S13,https://secured-ticket-access.com/passes/ticket-S13.pkpass
ORD-S1ZKLDSSZ0,S14,"Live Between The Hedges",https://secured-ticket-access.com/?ord=ORD-S1ZKLDSSZ0&id=S14,https://secured-ticket-access.com/passes/ticket-S14.pkpass
76027621,15b0cfbd-73d8-46e5-931e-453078e2f4026,"Live Between The Hedges",https://secured-ticket-access.com/?ord=76027621&id=15b0cfbd-73d8-46e5-931e-453078e2f4026,https://secured-ticket-access.com/passes/ticket-15b0cfbd-73d8-46e5-931e-453078e2f4026.pkpass
76027621,15b0cfbd-73d8-46e5-931e-453078e2f4027,"Live Between The Hedges",https://secured-ticket-access.com/?ord=76027621&id=15b0cfbd-73d8-46e5-931e-453078e2f4027,https://secured-ticket-access.com/passes/ticket-15b0cfbd-73d8-46e5-931e-453078e2f4027.pkpass
75968861,df1699b8-ee5e-4031-9e33-c2318f7fadde9,"Live Between The Hedges",https://secured-ticket-access.com/?ord=75968861&id=df1699b8-ee5e-4031-9e33-c2318f7fadde9,https://secured-ticket-access.com/passes/ticket-df1699b8-ee5e-4031-9e33-c2318f7fadde9.pkpass
75968861,df1699b8-ee5e-4031-9e33-c2318f7fadde10,"Live Between The Hedges",https://secured-ticket-access.com/?ord=75968861&id=df1699b8-ee5e-4031-9e33-c2318f7fadde10,https://secured-ticket-access.com/passes/ticket-df1699b8-ee5e-4031-9e33-c2318f7fadde10.pkpass
75968861,df1699b8-ee5e-4031-9e33-c2318f7fadde11,"Live Between The Hedges",https://secured-ticket-access.com/?ord=75968861&id=df1699b8-ee5e-4031-9e33-c2318f7fadde11,https://secured-ticket-access.com/passes/ticket-df1699b8-ee5e-4031-9e33-c2318f7fadde11.pkpass
75968861,df1699b8-ee5e-4031-9e33-c2318f7fadde12,"Live Between The Hedges",https://secured-ticket-access.com/?ord=75968861&id=df1699b8-ee5e-4031-9e33-c2318f7fadde12,https://secured-ticket-access.com/passes/ticket-df1699b8-ee5e-4031-9e33-c2318f7fadde12.pkpass
75968861,df1699b8-ee5e-4031-9e33-c2318f7fadde13,"Live Between The Hedges",https://secured-ticket-access.com/?ord=75968861&id=df1699b8-ee5e-4031-9e33-c2318f7fadde13,https://secured-ticket-access.com/passes/ticket-df1699b8-ee5e-4031-9e33-c2318f7fadde13.pkpass
75957856,86c47f20-794d-4895-af66-d03ae582c47f14,"Live Between The Hedges",https://secured-ticket-access.com/?ord=75957856&id=86c47f20-794d-4895-af66-d03ae582c47f14,https://secured-ticket-access.com/passes/ticket-86c47f20-794d-4895-af66-d03ae582c47f14.pkpass
75957856,86c47f20-794d-4895-af66-d03ae582c47f15,"Live Between The Hedges",https://secured-ticket-access.com/?ord=75957856&id=86c47f20-794d-4895-af66-d03ae582c47f15,https://secured-ticket-access.com/passes/ticket-86c47f20-794d-4895-af66-d03ae582c47f15.pkpass
76275223,c2696cba-2424-486b-9e5a-ac5e940c25ad3,"Live Between The Hedges",https://secured-ticket-access.com/?ord=76275223&id=c2696cba-2424-486b-9e5a-ac5e940c25ad3,https://secured-ticket-access.com/passes/ticket-c2696cba-2424-486b-9e5a-ac5e940c25ad3.pkpass
76275223,c2696cba-2424-486b-9e5a-ac5e940c25ad4,"Live Between The Hedges",https://secured-ticket-access.com/?ord=76275223&id=c2696cba-2424-486b-9e5a-ac5e940c25ad4,https://secured-ticket-access.com/passes/ticket-c2696cba-2424-486b-9e5a-ac5e940c25ad4.pkpass
75983324,a2d17ef9-1ad8-4cbb-9a9e-9ad411f6cded26,"Live Between The Hedges",https://secured-ticket-access.com/?ord=75983324&id=a2d17ef9-1ad8-4cbb-9a9e-9ad411f6cded26,https://secured-ticket-access.com/passes/ticket-a2d17ef9-1ad8-4cbb-9a9e-9ad411f6cded26.pkpass
75983324,a2d17ef9-1ad8-4cbb-9a9e-9ad411f6cded27,"Live Between The Hedges",https://secured-ticket-access.com/?ord=75983324&id=a2d17ef9-1ad8-4cbb-9a9e-9ad411f6cded27,https://secured-ticket-access.com/passes/ticket-a2d17ef9-1ad8-4cbb-9a9e-9ad411f6cded27.pkpass
76545722,fb242bf5-9d91-4bef-9eeb-46c68035c9fc15,"Live Between The Hedges",https://secured-ticket-access.com/?ord=76545722&id=fb242bf5-9d91-4bef-9eeb-46c68035c9fc15,https://secured-ticket-access.com/passes/ticket-fb242bf5-9d91-4bef-9eeb-46c68035c9fc15.pkpass
76545722,fb242bf5-9d91-4bef-9eeb-46c68035c9fc16,"Live Between The Hedges",https://secured-ticket-access.com/?ord=76545722&id=fb242bf5-9d91-4bef-9eeb-46c68035c9fc16,https://secured-ticket-access.com/passes/ticket-fb242bf5-9d91-4bef-9eeb-46c68035c9fc16.pkpass
76545722,fb242bf5-9d91-4bef-9eeb-46c68035c9fc17,"Live Between The Hedges",https://secured-ticket-access.com/?ord=76545722&id=fb242bf5-9d91-4bef-9eeb-46c68035c9fc17,https://secured-ticket-access.com/passes/ticket-fb242bf5-9d91-4bef-9eeb-46c68035c9fc17.pkpass
76545722,fb242bf5-9d91-4bef-9eeb-46c68035c9fc18,"Live Between The Hedges",https://secured-ticket-access.com/?ord=76545722&id=fb242bf5-9d91-4bef-9eeb-46c68035c9fc18,https://secured-ticket-access.com/passes/ticket-fb242bf5-9d91-4bef-9eeb-46c68035c9fc18.pkpass
76545722,fb242bf5-9d91-4bef-9eeb-46c68035c9fc19,"Live Between The Hedges",https://secured-ticket-access.com/?ord=76545722&id=fb242bf5-9d91-4bef-9eeb-46c68035c9fc19,https://secured-ticket-access.com/passes/ticket-fb242bf5-9d91-4bef-9eeb-46c68035c9fc19.pkpass
76545722,fb242bf5-9d91-4bef-9eeb-46c68035c9fc20,"Live Between The Hedges",https://secured-ticket-access.com/?ord=76545722&id=fb242bf5-9d91-4bef-9eeb-46c68035c9fc20,https://secured-ticket-access.com/passes/ticket-fb242bf5-9d91-4bef-9eeb-46c68035c9fc20.pkpass
76548675,9972893a-792a-4e50-a389-6150b050468a28,"Live Between The Hedges",https://secured-ticket-access.com/?ord=76548675&id=9972893a-792a-4e50-a389-6150b050468a28,https://secured-ticket-access.com/passes/ticket-9972893a-792a-4e50-a389-6150b050468a28.pkpass
76548675,9972893a-792a-4e50-a389-6150b050468a29,"Live Between The Hedges",https://secured-ticket-access.com/?ord=76548675&id=9972893a-792a-4e50-a389-6150b050468a29,https://secured-ticket-access.com/passes/ticket-9972893a-792a-4e50-a389-6150b050468a29.pkpass
75944832,ad2bc99b-5fb8-450b-bf20-a8e3929ae55e15,"Live Between The Hedges",https://secured-ticket-access.com/?ord=75944832&id=ad2bc99b-5fb8-450b-bf20-a8e3929ae55e15,https://secured-ticket-access.com/passes/ticket-ad2bc99b-5fb8-450b-bf20-a8e3929ae55e15.pkpass
75944832,ad2bc99b-5fb8-450b-bf20-a8e3929ae55e16,"Live Between The Hedges",https://secured-ticket-access.com/?ord=75944832&id=ad2bc99b-5fb8-450b-bf20-a8e3929ae55e16,https://secured-ticket-access.com/passes/ticket-ad2bc99b-5fb8-450b-bf20-a8e3929ae55e16.pkpass
76335168,f6c92bfd-47ed-498e-93f4-c4409100f6dc27,"Live Between The Hedges",https://secured-ticket-access.com/?ord=76335168&id=f6c92bfd-47ed-498e-93f4-c4409100f6dc27,https://secured-ticket-access.com/passes/ticket-f6c92bfd-47ed-498e-93f4-c4409100f6dc27.pkpass
76335168,f6c92bfd-47ed-498e-93f4-c4409100f6dc28,"Live Between The Hedges",https://secured-ticket-access.com/?ord=76335168&id=f6c92bfd-47ed-498e-93f4-c4409100f6dc28,https://secured-ticket-access.com/passes/ticket-f6c92bfd-47ed-498e-93f4-c4409100f6dc28.pkpass
75937788,f8dfab85-660a-4bc4-a050-3714de167aea19,"Live Between The Hedges",https://secured-ticket-access.com/?ord=75937788&id=f8dfab85-660a-4bc4-a050-3714de167aea19,https://secured-ticket-access.com/passes/ticket-f8dfab85-660a-4bc4-a050-3714de167aea19.pkpass
75937788,f8dfab85-660a-4bc4-a050-3714de167aea20,"Live Between The Hedges",https://secured-ticket-access.com/?ord=75937788&id=f8dfab85-660a-4bc4-a050-3714de167aea20,https://secured-ticket-access.com/passes/ticket-f8dfab85-660a-4bc4-a050-3714de167aea20.pkpass
75963588,cec5ce14-ceac-4b8b-b5e1-794cbbc73fdd17,"Live Between The Hedges",https://secured-ticket-access.com/?ord=75963588&id=cec5ce14-ceac-4b8b-b5e1-794cbbc73fdd17,https://secured-ticket-access.com/passes/ticket-cec5ce14-ceac-4b8b-b5e1-794cbbc73fdd17.pkpass
75963588,cec5ce14-ceac-4b8b-b5e1-794cbbc73fdd18,"Live Between The Hedges",https://secured-ticket-access.com/?ord=75963588&id=cec5ce14-ceac-4b8b-b5e1-794cbbc73fdd18,https://secured-ticket-access.com/passes/ticket-cec5ce14-ceac-4b8b-b5e1-794cbbc73fdd18.pkpass
75948799,8042a126-00a9-47b3-9fc2-1e357be1854c19,"Live Between The Hedges",https://secured-ticket-access.com/?ord=75948799&id=8042a126-00a9-47b3-9fc2-1e357be1854c19,https://secured-ticket-access.com/passes/ticket-8042a126-00a9-47b3-9fc2-1e357be1854c19.pkpass
75948799,8042a126-00a9-47b3-9fc2-1e357be1854c20,"Live Between The Hedges",https://secured-ticket-access.com/?ord=75948799&id=8042a126-00a9-47b3-9fc2-1e357be1854c20,https://secured-ticket-access.com/passes/ticket-8042a126-00a9-47b3-9fc2-1e357be1854c20.pkpass
75948799,8042a126-00a9-47b3-9fc2-1e357be1854c21,"Live Between The Hedges",https://secured-ticket-access.com/?ord=75948799&id=8042a126-00a9-47b3-9fc2-1e357be1854c21,https://secured-ticket-access.com/passes/ticket-8042a126-00a9-47b3-9fc2-1e357be1854c21.pkpass
76020480,391bb255-a909-425f-9b60-c727d3e76cbe16,"Live Between The Hedges",https://secured-ticket-access.com/?ord=76020480&id=391bb255-a909-425f-9b60-c727d3e76cbe16,https://secured-ticket-access.com/passes/ticket-391bb255-a909-425f-9b60-c727d3e76cbe16.pkpass
76020480,391bb255-a909-425f-9b60-c727d3e76cbe17,"Live Between The Hedges",https://secured-ticket-access.com/?ord=76020480&id=391bb255-a909-425f-9b60-c727d3e76cbe17,https://secured-ticket-access.com/passes/ticket-391bb255-a909-425f-9b60-c727d3e76cbe17.pkpass
76020480,391bb255-a909-425f-9b60-c727d3e76cbe18,"Live Between The Hedges",https://secured-ticket-access.com/?ord=76020480&id=391bb255-a909-425f-9b60-c727d3e76cbe18,https://secured-ticket-access.com/passes/ticket-391bb255-a909-425f-9b60-c727d3e76cbe18.pkpass
76020480,391bb255-a909-425f-9b60-c727d3e76cbe19,"Live Between The Hedges",https://secured-ticket-access.com/?ord=76020480&id=391bb255-a909-425f-9b60-c727d3e76cbe19,https://secured-ticket-access.com/passes/ticket-391bb255-a909-425f-9b60-c727d3e76cbe19.pkpass
76026241,9146ce57-9bb0-4f0c-ac5f-bbea6abe65ea11,"Live Between The Hedges",https://secured-ticket-access.com/?ord=76026241&id=9146ce57-9bb0-4f0c-ac5f-bbea6abe65ea11,https://secured-ticket-access.com/passes/ticket-9146ce57-9bb0-4f0c-ac5f-bbea6abe65ea11.pkpass
76026241,9146ce57-9bb0-4f0c-ac5f-bbea6abe65ea12,"Live Between The Hedges",https://secured-ticket-access.com/?ord=76026241&id=9146ce57-9bb0-4f0c-ac5f-bbea6abe65ea12,https://secured-ticket-access.com/passes/ticket-9146ce57-9bb0-4f0c-ac5f-bbea6abe65ea12.pkpass
76004156,ab73ff41-4575-4e4f-91c6-fe9f2989ab9b5,"Live Between The Hedges",https://secured-ticket-access.com/?ord=76004156&id=ab73ff41-4575-4e4f-91c6-fe9f2989ab9b5,https://secured-ticket-access.com/passes/ticket-ab73ff41-4575-4e4f-91c6-fe9f2989ab9b5.pkpass
76004156,ab73ff41-4575-4e4f-91c6-fe9f2989ab9b6,"Live Between The Hedges",https://secured-ticket-access.com/?ord=76004156&id=ab73ff41-4575-4e4f-91c6-fe9f2989ab9b6,https://secured-ticket-access.com/passes/ticket-ab73ff41-4575-4e4f-91c6-fe9f2989ab9b6.pkpass
50934532,394aaebd-1712-4327-9a18-700d329bac8a11,"Live Between The Hedges",https://secured-ticket-access.com/?ord=50934532&id=394aaebd-1712-4327-9a18-700d329bac8a11,https://secured-ticket-access.com/passes/ticket-394aaebd-1712-4327-9a18-700d329bac8a11.pkpass
50934532,394aaebd-1712-4327-9a18-700d329bac8a12,"Live Between The Hedges",https://secured-ticket-access.com/?ord=50934532&id=394aaebd-1712-4327-9a18-700d329bac8a12,https://secured-ticket-access.com/passes/ticket-394aaebd-1712-4327-9a18-700d329bac8a12.pkpass
50936771,ff2ddf79-e5bb-45a0-bc10-ccf504828b7f7,"Live Between The Hedges",https://secured-ticket-access.com/?ord=50936771&id=ff2ddf79-e5bb-45a0-bc10-ccf504828b7f7,https://secured-ticket-access.com/passes/ticket-ff2ddf79-e5bb-45a0-bc10-ccf504828b7f7.pkpass
50936771,ff2ddf79-e5bb-45a0-bc10-ccf504828b7f8,"Live Between The Hedges",https://secured-ticket-access.com/?ord=50936771&id=ff2ddf79-e5bb-45a0-bc10-ccf504828b7f8,https://secured-ticket-access.com/passes/ticket-ff2ddf79-e5bb-45a0-bc10-ccf504828b7f8.pkpass
50936771,ff2ddf79-e5bb-45a0-bc10-ccf504828b7f9,"Live Between The Hedges",https://secured-ticket-access.com/?ord=50936771&id=ff2ddf79-e5bb-45a0-bc10-ccf504828b7f9,https://secured-ticket-access.com/passes/ticket-ff2ddf79-e5bb-45a0-bc10-ccf504828b7f9.pkpass
50936771,ff2ddf79-e5bb-45a0-bc10-ccf504828b7f10,"Live Between The Hedges",https://secured-ticket-access.com/?ord=50936771&id=ff2ddf79-e5bb-45a0-bc10-ccf504828b7f10,https://secured-ticket-access.com/passes/ticket-ff2ddf79-e5bb-45a0-bc10-ccf504828b7f10.pkpass
50934419,290c4e2f-fcb5-42d4-b817-8ac313db144d17,"Live Between The Hedges",https://secured-ticket-access.com/?ord=50934419&id=290c4e2f-fcb5-42d4-b817-8ac313db144d17,https://secured-ticket-access.com/passes/ticket-290c4e2f-fcb5-42d4-b817-8ac313db144d17.pkpass
50934419,290c4e2f-fcb5-42d4-b817-8ac313db144d18,"Live Between The Hedges",https://secured-ticket-access.com/?ord=50934419&id=290c4e2f-fcb5-42d4-b817-8ac313db144d18,https://secured-ticket-access.com/passes/ticket-290c4e2f-fcb5-42d4-b817-8ac313db144d18.pkpass
51052378,960a3a85-e638-47a9-9936-ac9c3fd8250c6,"Live Between The Hedges",https://secured-ticket-access.com/?ord=51052378&id=960a3a85-e638-47a9-9936-ac9c3fd8250c6,https://secured-ticket-access.com/passes/ticket-960a3a85-e638-47a9-9936-ac9c3fd8250c6.pkpass
51052378,960a3a85-e638-47a9-9936-ac9c3fd8250c7,"Live Between The Hedges",https://secured-ticket-access.com/?ord=51052378&id=960a3a85-e638-47a9-9936-ac9c3fd8250c7,https://secured-ticket-access.com/passes/ticket-960a3a85-e638-47a9-9936-ac9c3fd8250c7.pkpass
51052378,960a3a85-e638-47a9-9936-ac9c3fd8250c8,"Live Between The Hedges",https://secured-ticket-access.com/?ord=51052378&id=960a3a85-e638-47a9-9936-ac9c3fd8250c8,https://secured-ticket-access.com/passes/ticket-960a3a85-e638-47a9-9936-ac9c3fd8250c8.pkpass
51086499,dde58698-96d1-4b93-832a-3439fb09405c13,"Live Between The Hedges",https://secured-ticket-access.com/?ord=51086499&id=dde58698-96d1-4b93-832a-3439fb09405c13,https://secured-ticket-access.com/passes/ticket-dde58698-96d1-4b93-832a-3439fb09405c13.pkpass
51086499,dde58698-96d1-4b93-832a-3439fb09405c14,"Live Between The Hedges",https://secured-ticket-access.com/?ord=51086499&id=dde58698-96d1-4b93-832a-3439fb09405c14,https://secured-ticket-access.com/passes/ticket-dde58698-96d1-4b93-832a-3439fb09405c14.pkpass
50967602,45a4150f-4ce2-4b8e-9fd3-3081624f5deb31,"Live Between The Hedges",https://secured-ticket-access.com/?ord=50967602&id=45a4150f-4ce2-4b8e-9fd3-3081624f5deb31,https://secured-ticket-access.com/passes/ticket-45a4150f-4ce2-4b8e-9fd3-3081624f5deb31.pkpass
50967602,45a4150f-4ce2-4b8e-9fd3-3081624f5deb32,"Live Between The Hedges",https://secured-ticket-access.com/?ord=50967602&id=45a4150f-4ce2-4b8e-9fd3-3081624f5deb32,https://secured-ticket-access.com/passes/ticket-45a4150f-4ce2-4b8e-9fd3-3081624f5deb32.pkpass
50967602,45a4150f-4ce2-4b8e-9fd3-3081624f5deb33,"Live Between The Hedges",https://secured-ticket-access.com/?ord=50967602&id=45a4150f-4ce2-4b8e-9fd3-3081624f5deb33,https://secured-ticket-access.com/passes/ticket-45a4150f-4ce2-4b8e-9fd3-3081624f5deb33.pkpass
50967602,45a4150f-4ce2-4b8e-9fd3-3081624f5deb34,"Live Between The Hedges",https://secured-ticket-access.com/?ord=50967602&id=45a4150f-4ce2-4b8e-9fd3-3081624f5deb34,https://secured-ticket-access.com/passes/ticket-45a4150f-4ce2-4b8e-9fd3-3081624f5deb34.pkpass
51241788,cb7e37ac-1963-411f-9190-f2b31540240d19,"Live Between The Hedges",https://secured-ticket-access.com/?ord=51241788&id=cb7e37ac-1963-411f-9190-f2b31540240d19,https://secured-ticket-access.com/passes/ticket-cb7e37ac-1963-411f-9190-f2b31540240d19.pkpass
51241788,cb7e37ac-1963-411f-9190-f2b31540240d20,"Live Between The Hedges",https://secured-ticket-access.com/?ord=51241788&id=cb7e37ac-1963-411f-9190-f2b31540240d20,https://secured-ticket-access.com/passes/ticket-cb7e37ac-1963-411f-9190-f2b31540240d20.pkpass
50955001,6e450e89-a9fd-4ea1-a5b3-87d02bd830bc5,"Live Between The Hedges",https://secured-ticket-access.com/?ord=50955001&id=6e450e89-a9fd-4ea1-a5b3-87d02bd830bc5,https://secured-ticket-access.com/passes/ticket-6e450e89-a9fd-4ea1-a5b3-87d02bd830bc5.pkpass
50955001,6e450e89-a9fd-4ea1-a5b3-87d02bd830bc6,"Live Between The Hedges",https://secured-ticket-access.com/?ord=50955001&id=6e450e89-a9fd-4ea1-a5b3-87d02bd830bc6,https://secured-ticket-access.com/passes/ticket-6e450e89-a9fd-4ea1-a5b3-87d02bd830bc6.pkpass
50924133,99726e53-9470-4fe8-afef-cb8b63d1ba4d15,"Live Between The Hedges",https://secured-ticket-access.com/?ord=50924133&id=99726e53-9470-4fe8-afef-cb8b63d1ba4d15,https://secured-ticket-access.com/passes/ticket-99726e53-9470-4fe8-afef-cb8b63d1ba4d15.pkpass
50924133,99726e53-9470-4fe8-afef-cb8b63d1ba4d16,"Live Between The Hedges",https://secured-ticket-access.com/?ord=50924133&id=99726e53-9470-4fe8-afef-cb8b63d1ba4d16,https://secured-ticket-access.com/passes/ticket-99726e53-9470-4fe8-afef-cb8b63d1ba4d16.pkpass
50959764,ef275a36-dbeb-466d-95b4-5b0d0f1bb93a1,"Live Between The Hedges",https://secured-ticket-access.com/?ord=50959764&id=ef275a36-dbeb-466d-95b4-5b0d0f1bb93a1,https://secured-ticket-access.com/passes/ticket-ef275a36-dbeb-466d-95b4-5b0d0f1bb93a1.pkpass
50959764,ef275a36-dbeb-466d-95b4-5b0d0f1bb93a2,"Live Between The Hedges",https://secured-ticket-access.com/?ord=50959764&id=ef275a36-dbeb-466d-95b4-5b0d0f1bb93a2,https://secured-ticket-access.com/passes/ticket-ef275a36-dbeb-466d-95b4-5b0d0f1bb93a2.pkpass
50959764,ef275a36-dbeb-466d-95b4-5b0d0f1bb93a3,"Live Between The Hedges",https://secured-ticket-access.com/?ord=50959764&id=ef275a36-dbeb-466d-95b4-5b0d0f1bb93a3,https://secured-ticket-access.com/passes/ticket-ef275a36-dbeb-466d-95b4-5b0d0f1bb93a3.pkpass
50959764,ef275a36-dbeb-466d-95b4-5b0d0f1bb93a4,"Live Between The Hedges",https://secured-ticket-access.com/?ord=50959764&id=ef275a36-dbeb-466d-95b4-5b0d0f1bb93a4,https://secured-ticket-access.com/passes/ticket-ef275a36-dbeb-466d-95b4-5b0d0f1bb93a4.pkpass
50936290,209f2020-990a-4df1-8d82-66855ce323cd15,"Live Between The Hedges",https://secured-ticket-access.com/?ord=50936290&id=209f2020-990a-4df1-8d82-66855ce323cd15,https://secured-ticket-access.com/passes/ticket-209f2020-990a-4df1-8d82-66855ce323cd15.pkpass
50936290,209f2020-990a-4df1-8d82-66855ce323cd16,"Live Between The Hedges",https://secured-ticket-access.com/?ord=50936290&id=209f2020-990a-4df1-8d82-66855ce323cd16,https://secured-ticket-access.com/passes/ticket-209f2020-990a-4df1-8d82-66855ce323cd16.pkpass
50926600,515362df-707f-43ea-907e-13fbd882d04a8,"Live Between The Hedges",https://secured-ticket-access.com/?ord=50926600&id=515362df-707f-43ea-907e-13fbd882d04a8,https://secured-ticket-access.com/passes/ticket-515362df-707f-43ea-907e-13fbd882d04a8.pkpass
50926600,515362df-707f-43ea-907e-13fbd882d04a9,"Live Between The Hedges",https://secured-ticket-access.com/?ord=50926600&id=515362df-707f-43ea-907e-13fbd882d04a9,https://secured-ticket-access.com/passes/ticket-515362df-707f-43ea-907e-13fbd882d04a9.pkpass
50926600,515362df-707f-43ea-907e-13fbd882d04a10,"Live Between The Hedges",https://secured-ticket-access.com/?ord=50926600&id=515362df-707f-43ea-907e-13fbd882d04a10,https://secured-ticket-access.com/passes/ticket-515362df-707f-43ea-907e-13fbd882d04a10.pkpass
50926600,515362df-707f-43ea-907e-13fbd882d04a11,"Live Between The Hedges",https://secured-ticket-access.com/?ord=50926600&id=515362df-707f-43ea-907e-13fbd882d04a11,https://secured-ticket-access.com/passes/ticket-515362df-707f-43ea-907e-13fbd882d04a11.pkpass
50940702,db77e6ec-ca17-4786-97b8-2d74791e782b30,"Live Between The Hedges",https://secured-ticket-access.com/?ord=50940702&id=db77e6ec-ca17-4786-97b8-2d74791e782b30,https://secured-ticket-access.com/passes/ticket-db77e6ec-ca17-4786-97b8-2d74791e782b30.pkpass
50940702,db77e6ec-ca17-4786-97b8-2d74791e782b31,"Live Between The Hedges",https://secured-ticket-access.com/?ord=50940702&id=db77e6ec-ca17-4786-97b8-2d74791e782b31,https://secured-ticket-access.com/passes/ticket-db77e6ec-ca17-4786-97b8-2d74791e782b31.pkpass
50940702,db77e6ec-ca17-4786-97b8-2d74791e782b32,"Live Between The Hedges",https://secured-ticket-access.com/?ord=50940702&id=db77e6ec-ca17-4786-97b8-2d74791e782b32,https://secured-ticket-access.com/passes/ticket-db77e6ec-ca17-4786-97b8-2d74791e782b32.pkpass
50940702,db77e6ec-ca17-4786-97b8-2d74791e782b33,"Live Between The Hedges",https://secured-ticket-access.com/?ord=50940702&id=db77e6ec-ca17-4786-97b8-2d74791e782b33,https://secured-ticket-access.com/passes/ticket-db77e6ec-ca17-4786-97b8-2d74791e782b33.pkpass
50935252,6b63a110-f947-4ccb-ac9c-5a17466b3f0f1,"Live Between The Hedges",https://secured-ticket-access.com/?ord=50935252&id=6b63a110-f947-4ccb-ac9c-5a17466b3f0f1,https://secured-ticket-access.com/passes/ticket-6b63a110-f947-4ccb-ac9c-5a17466b3f0f1.pkpass
50935252,6b63a110-f947-4ccb-ac9c-5a17466b3f0f2,"Live Between The Hedges",https://secured-ticket-access.com/?ord=50935252&id=6b63a110-f947-4ccb-ac9c-5a17466b3f0f2,https://secured-ticket-access.com/passes/ticket-6b63a110-f947-4ccb-ac9c-5a17466b3f0f2.pkpass
50935252,6b63a110-f947-4ccb-ac9c-5a17466b3f0f3,"Live Between The Hedges",https://secured-ticket-access.com/?ord=50935252&id=6b63a110-f947-4ccb-ac9c-5a17466b3f0f3,https://secured-ticket-access.com/passes/ticket-6b63a110-f947-4ccb-ac9c-5a17466b3f0f3.pkpass
50935252,6b63a110-f947-4ccb-ac9c-5a17466b3f0f4,"Live Between The Hedges",https://secured-ticket-access.com/?ord=50935252&id=6b63a110-f947-4ccb-ac9c-5a17466b3f0f4,https://secured-ticket-access.com/passes/ticket-6b63a110-f947-4ccb-ac9c-5a17466b3f0f4.pkpass
50936913,69eebbc8-de5e-45db-88d2-4f7e6bba1edd7,"Live Between The Hedges",https://secured-ticket-access.com/?ord=50936913&id=69eebbc8-de5e-45db-88d2-4f7e6bba1edd7,https://secured-ticket-access.com/passes/ticket-69eebbc8-de5e-45db-88d2-4f7e6bba1edd7.pkpass
50936913,69eebbc8-de5e-45db-88d2-4f7e6bba1edd8,"Live Between The Hedges",https://secured-ticket-access.com/?ord=50936913&id=69eebbc8-de5e-45db-88d2-4f7e6bba1edd8,https://secured-ticket-access.com/passes/ticket-69eebbc8-de5e-45db-88d2-4f7e6bba1edd8.pkpass
50925229,f49a2753-a10d-48eb-a8a0-094e6f32feec8,"Live Between The Hedges",https://secured-ticket-access.com/?ord=50925229&id=f49a2753-a10d-48eb-a8a0-094e6f32feec8,https://secured-ticket-access.com/passes/ticket-f49a2753-a10d-48eb-a8a0-094e6f32feec8.pkpass
50925229,f49a2753-a10d-48eb-a8a0-094e6f32feec9,"Live Between The Hedges",https://secured-ticket-access.com/?ord=50925229&id=f49a2753-a10d-48eb-a8a0-094e6f32feec9,https://secured-ticket-access.com/passes/ticket-f49a2753-a10d-48eb-a8a0-094e6f32feec9.pkpass
50925229,f49a2753-a10d-48eb-a8a0-094e6f32feec10,"Live Between The Hedges",https://secured-ticket-access.com/?ord=50925229&id=f49a2753-a10d-48eb-a8a0-094e6f32feec10,https://secured-ticket-access.com/passes/ticket-f49a2753-a10d-48eb-a8a0-094e6f32feec10.pkpass
50925229,f49a2753-a10d-48eb-a8a0-094e6f32feec11,"Live Between The Hedges",https://secured-ticket-access.com/?ord=50925229&id=f49a2753-a10d-48eb-a8a0-094e6f32feec11,https://secured-ticket-access.com/passes/ticket-f49a2753-a10d-48eb-a8a0-094e6f32feec11.pkpass
50925229,f49a2753-a10d-48eb-a8a0-094e6f32feec12,"Live Between The Hedges",https://secured-ticket-access.com/?ord=50925229&id=f49a2753-a10d-48eb-a8a0-094e6f32feec12,https://secured-ticket-access.com/passes/ticket-f49a2753-a10d-48eb-a8a0-094e6f32feec12.pkpass
50938294,88c98265-c1d7-40f9-a75b-be380f89797b5,"Live Between The Hedges",https://secured-ticket-access.com/?ord=50938294&id=88c98265-c1d7-40f9-a75b-be380f89797b5,https://secured-ticket-access.com/passes/ticket-88c98265-c1d7-40f9-a75b-be380f89797b5.pkpass
50938294,88c98265-c1d7-40f9-a75b-be380f89797b6,"Live Between The Hedges",https://secured-ticket-access.com/?ord=50938294&id=88c98265-c1d7-40f9-a75b-be380f89797b6,https://secured-ticket-access.com/passes/ticket-88c98265-c1d7-40f9-a75b-be380f89797b6.pkpass
50938294,88c98265-c1d7-40f9-a75b-be380f89797b7,"Live Between The Hedges",https://secured-ticket-access.com/?ord=50938294&id=88c98265-c1d7-40f9-a75b-be380f89797b7,https://secured-ticket-access.com/passes/ticket-88c98265-c1d7-40f9-a75b-be380f89797b7.pkpass
50938294,88c98265-c1d7-40f9-a75b-be380f89797b8,"Live Between The Hedges",https://secured-ticket-access.com/?ord=50938294&id=88c98265-c1d7-40f9-a75b-be380f89797b8,https://secured-ticket-access.com/passes/ticket-88c98265-c1d7-40f9-a75b-be380f89797b8.pkpass
50938294,88c98265-c1d7-40f9-a75b-be380f89797b9,"Live Between The Hedges",https://secured-ticket-access.com/?ord=50938294&id=88c98265-c1d7-40f9-a75b-be380f89797b9,https://secured-ticket-access.com/passes/ticket-88c98265-c1d7-40f9-a75b-be380f89797b9.pkpass
50938294,88c98265-c1d7-40f9-a75b-be380f89797b10,"Live Between The Hedges",https://secured-ticket-access.com/?ord=50938294&id=88c98265-c1d7-40f9-a75b-be380f89797b10,https://secured-ticket-access.com/passes/ticket-88c98265-c1d7-40f9-a75b-be380f89797b10.pkpass
50979142,eb4deba9-e60f-477c-8f5b-8bc3c999751d23,"Live Between The Hedges",https://secured-ticket-access.com/?ord=50979142&id=eb4deba9-e60f-477c-8f5b-8bc3c999751d23,https://secured-ticket-access.com/passes/ticket-eb4deba9-e60f-477c-8f5b-8bc3c999751d23.pkpass
50979142,eb4deba9-e60f-477c-8f5b-8bc3c999751d24,"Live Between The Hedges",https://secured-ticket-access.com/?ord=50979142&id=eb4deba9-e60f-477c-8f5b-8bc3c999751d24,https://secured-ticket-access.com/passes/ticket-eb4deba9-e60f-477c-8f5b-8bc3c999751d24.pkpass
50979142,eb4deba9-e60f-477c-8f5b-8bc3c999751d25,"Live Between The Hedges",https://secured-ticket-access.com/?ord=50979142&id=eb4deba9-e60f-477c-8f5b-8bc3c999751d25,https://secured-ticket-access.com/passes/ticket-eb4deba9-e60f-477c-8f5b-8bc3c999751d25.pkpass
50930473,35911e4c-59d7-4276-bab2-5fe1271a81bd28,"Live Between The Hedges",https://secured-ticket-access.com/?ord=50930473&id=35911e4c-59d7-4276-bab2-5fe1271a81bd28,https://secured-ticket-access.com/passes/ticket-35911e4c-59d7-4276-bab2-5fe1271a81bd28.pkpass
50930473,35911e4c-59d7-4276-bab2-5fe1271a81bd29,"Live Between The Hedges",https://secured-ticket-access.com/?ord=50930473&id=35911e4c-59d7-4276-bab2-5fe1271a81bd29,https://secured-ticket-access.com/passes/ticket-35911e4c-59d7-4276-bab2-5fe1271a81bd29.pkpass
50939954,5e4dcd0f-b083-464b-bed5-be03fa40e5fd13,"Live Between The Hedges",https://secured-ticket-access.com/?ord=50939954&id=5e4dcd0f-b083-464b-bed5-be03fa40e5fd13,https://secured-ticket-access.com/passes/ticket-5e4dcd0f-b083-464b-bed5-be03fa40e5fd13.pkpass
50939954,5e4dcd0f-b083-464b-bed5-be03fa40e5fd14,"Live Between The Hedges",https://secured-ticket-access.com/?ord=50939954&id=5e4dcd0f-b083-464b-bed5-be03fa40e5fd14,https://secured-ticket-access.com/passes/ticket-5e4dcd0f-b083-464b-bed5-be03fa40e5fd14.pkpass
50939954,5e4dcd0f-b083-464b-bed5-be03fa40e5fd15,"Live Between The Hedges",https://secured-ticket-access.com/?ord=50939954&id=5e4dcd0f-b083-464b-bed5-be03fa40e5fd15,https://secured-ticket-access.com/passes/ticket-5e4dcd0f-b083-464b-bed5-be03fa40e5fd15.pkpass
50939954,5e4dcd0f-b083-464b-bed5-be03fa40e5fd16,"Live Between The Hedges",https://secured-ticket-access.com/?ord=50939954&id=5e4dcd0f-b083-464b-bed5-be03fa40e5fd16,https://secured-ticket-access.com/passes/ticket-5e4dcd0f-b083-464b-bed5-be03fa40e5fd16.pkpass
50939954,5e4dcd0f-b083-464b-bed5-be03fa40e5fd17,"Live Between The Hedges",https://secured-ticket-access.com/?ord=50939954&id=5e4dcd0f-b083-464b-bed5-be03fa40e5fd17,https://secured-ticket-access.com/passes/ticket-5e4dcd0f-b083-464b-bed5-be03fa40e5fd17.pkpass
51241356,9e68bd7e-0e7e-470e-baef-af7f022d6d0c33,"Live Between The Hedges",https://secured-ticket-access.com/?ord=51241356&id=9e68bd7e-0e7e-470e-baef-af7f022d6d0c33,https://secured-ticket-access.com/passes/ticket-9e68bd7e-0e7e-470e-baef-af7f022d6d0c33.pkpass
51241356,9e68bd7e-0e7e-470e-baef-af7f022d6d0c34,"Live Between The Hedges",https://secured-ticket-access.com/?ord=51241356&id=9e68bd7e-0e7e-470e-baef-af7f022d6d0c34,https://secured-ticket-access.com/passes/ticket-9e68bd7e-0e7e-470e-baef-af7f022d6d0c34.pkpass
